{
  "per_fold_results": {
    "bow_knn": {
      "report": {
        "0": {
          "precision": 0.8392857142857143,
          "recall": 0.16319444444444445,
          "f1-score": 0.27325581395348836,
          "support": 288
        },
        "1": {
          "precision": 0.7666666666666667,
          "recall": 0.23896103896103896,
          "f1-score": 0.36435643564356435,
          "support": 385
        },
        "2": {
          "precision": 0.703810623556582,
          "recall": 0.9870445344129555,
          "f1-score": 0.8217054263565892,
          "support": 1235
        },
        "accuracy": 0.7117400419287212,
        "macro avg": {
          "precision": 0.7699210015029877,
          "recall": 0.4630666726061463,
          "f1-score": 0.48643922531788064,
          "support": 1908
        },
        "weighted avg": {
          "precision": 0.7369429101013266,
          "recall": 0.7117400419287212,
          "f1-score": 0.6466357985805894,
          "support": 1908
        },
        "feature_type": "bow",
        "model_name": "knn"
      },
      "confusion_matrix": [
        [
          47,
          15,
          226
        ],
        [
          6,
          92,
          287
        ],
        [
          3,
          13,
          1219
        ]
      ]
    },
    "bow_lstm": {
      "report": {
        "0": {
          "precision": 0.6078431372549019,
          "recall": 0.5381944444444444,
          "f1-score": 0.5709023941068141,
          "support": 288
        },
        "1": {
          "precision": 0.7018072289156626,
          "recall": 0.6051948051948052,
          "f1-score": 0.6499302649930265,
          "support": 385
        },
        "2": {
          "precision": 0.8319454958364875,
          "recall": 0.8898785425101214,
          "f1-score": 0.8599374021909233,
          "support": 1235
        },
        "accuracy": 0.7793501048218029,
        "macro avg": {
          "precision": 0.713865287335684,
          "recall": 0.6777559307164571,
          "f1-score": 0.6935900204302546,
          "support": 1908
        },
        "weighted avg": {
          "precision": 0.771859168773587,
          "recall": 0.7793501048218029,
          "f1-score": 0.773933822448044,
          "support": 1908
        },
        "feature_type": "bow",
        "model_name": "lstm"
      },
      "confusion_matrix": [
        [
          155,
          32,
          101
        ],
        [
          31,
          233,
          121
        ],
        [
          69,
          67,
          1099
        ]
      ]
    },
    "bow_transformer": {
      "report": {
        "0": {
          "precision": 0.6127819548872181,
          "recall": 0.5659722222222222,
          "f1-score": 0.5884476534296029,
          "support": 288
        },
        "1": {
          "precision": 0.6856287425149701,
          "recall": 0.5948051948051948,
          "f1-score": 0.6369958275382475,
          "support": 385
        },
        "2": {
          "precision": 0.8371559633027523,
          "recall": 0.8866396761133604,
          "f1-score": 0.8611875737318129,
          "support": 1235
        },
        "accuracy": 0.7793501048218029,
        "macro avg": {
          "precision": 0.7118555535683134,
          "recall": 0.682472364380259,
          "f1-score": 0.6955436848998877,
          "support": 1908
        },
        "weighted avg": {
          "precision": 0.7727127272299169,
          "recall": 0.7793501048218029,
          "f1-score": 0.7747814315244969,
          "support": 1908
        },
        "feature_type": "bow",
        "model_name": "transformer"
      },
      "confusion_matrix": [
        [
          163,
          32,
          93
        ],
        [
          36,
          229,
          120
        ],
        [
          67,
          73,
          1095
        ]
      ]
    },
    "word2vec_knn": {
      "report": {
        "0": {
          "precision": 0.2641509433962264,
          "recall": 0.14583333333333334,
          "f1-score": 0.18791946308724836,
          "support": 288
        },
        "1": {
          "precision": 0.4244604316546763,
          "recall": 0.3064935064935065,
          "f1-score": 0.35595776772247356,
          "support": 385
        },
        "2": {
          "precision": 0.707681849082257,
          "recall": 0.8429149797570851,
          "f1-score": 0.7694013303769401,
          "support": 1235
        },
        "accuracy": 0.6294549266247379,
        "macro avg": {
          "precision": 0.4654310747110532,
          "recall": 0.4317472731946417,
          "f1-score": 0.437759520395554,
          "support": 1908
        },
        "weighted avg": {
          "precision": 0.5835848121078359,
          "recall": 0.6294549266247379,
          "f1-score": 0.5982050256592248,
          "support": 1908
        },
        "feature_type": "word2vec",
        "model_name": "knn"
      },
      "confusion_matrix": [
        [
          42,
          40,
          206
        ],
        [
          43,
          118,
          224
        ],
        [
          74,
          120,
          1041
        ]
      ]
    },
    "word2vec_lstm": {
      "report": {
        "0": {
          "precision": 0.0,
          "recall": 0.0,
          "f1-score": 0.0,
          "support": 288
        },
        "1": {
          "precision": 0.0,
          "recall": 0.0,
          "f1-score": 0.0,
          "support": 385
        },
        "2": {
          "precision": 0.6472746331236897,
          "recall": 1.0,
          "f1-score": 0.7858733693923002,
          "support": 1235
        },
        "accuracy": 0.6472746331236897,
        "macro avg": {
          "precision": 0.2157582110412299,
          "recall": 0.3333333333333333,
          "f1-score": 0.2619577897974334,
          "support": 1908
        },
        "weighted avg": {
          "precision": 0.4189644506854071,
          "recall": 0.6472746331236897,
          "f1-score": 0.508675896855079,
          "support": 1908
        },
        "feature_type": "word2vec",
        "model_name": "lstm"
      },
      "confusion_matrix": [
        [
          0,
          0,
          288
        ],
        [
          0,
          0,
          385
        ],
        [
          0,
          0,
          1235
        ]
      ]
    },
    "word2vec_transformer": {
      "report": {
        "0": {
          "precision": 0.0,
          "recall": 0.0,
          "f1-score": 0.0,
          "support": 288
        },
        "1": {
          "precision": 0.0,
          "recall": 0.0,
          "f1-score": 0.0,
          "support": 385
        },
        "2": {
          "precision": 0.6472746331236897,
          "recall": 1.0,
          "f1-score": 0.7858733693923002,
          "support": 1235
        },
        "accuracy": 0.6472746331236897,
        "macro avg": {
          "precision": 0.2157582110412299,
          "recall": 0.3333333333333333,
          "f1-score": 0.2619577897974334,
          "support": 1908
        },
        "weighted avg": {
          "precision": 0.4189644506854071,
          "recall": 0.6472746331236897,
          "f1-score": 0.508675896855079,
          "support": 1908
        },
        "feature_type": "word2vec",
        "model_name": "transformer"
      },
      "confusion_matrix": [
        [
          0,
          0,
          288
        ],
        [
          0,
          0,
          385
        ],
        [
          0,
          0,
          1235
        ]
      ]
    },
    "transformer_knn": {
      "report": {
        "0": {
          "precision": 0.4260869565217391,
          "recall": 0.3402777777777778,
          "f1-score": 0.3783783783783784,
          "support": 288
        },
        "1": {
          "precision": 0.4529262086513995,
          "recall": 0.4623376623376623,
          "f1-score": 0.4575835475578406,
          "support": 385
        },
        "2": {
          "precision": 0.7852140077821012,