{
  "per_fold_results": {
    "bow_knn": {
      "report": {
        "0": {
          "precision": 0.8392857142857143,
          "recall": 0.16319444444444445,
          "f1-score": 0.27325581395348836,
          "support": 288
        },
        "1": {
          "precision": 0.7666666666666667,
          "recall": 0.23896103896103896,
          "f1-score": 0.36435643564356435,
          "support": 385
        },
        "2": {
          "precision": 0.703810623556582,
          "recall": 0.9870445344129555,
          "f1-score": 0.8217054263565892,
          "support": 1235
        },
        "accuracy": 0.7117400419287212,
        "macro avg": {
          "precision": 0.7699210015029877,
          "recall": 0.4630666726061463,
          "f1-score": 0.48643922531788064,
          "support": 1908
        },
        "weighted avg": {
          "precision": 0.7369429101013266,
          "recall": 0.7117400419287212,
          "f1-score": 0.6466357985805894,
          "support": 1908
        },
        "feature_type": "bow",
        "model_name": "knn"
      },
      "confusion_matrix": [
        [
          47,
          15,
          226
        ],
        [
          6,
          92,
          287
        ],
        [
          3,
          13,
          1219
        ]
      ]
    },
    "bow_lstm": {
      "report": {
        "0": {
          "precision": 0.5897435897435898,
          "recall": 0.5590277777777778,
          "f1-score": 0.5739750445632799,
          "support": 288
        },
        "1": {
          "precision": 0.6987951807228916,
          "recall": 0.6025974025974026,
          "f1-score": 0.6471408647140865,
          "support": 385
        },
        "2": {
          "precision": 0.837298541826554,
          "recall": 0.8834008097165992,
          "f1-score": 0.8597320724980299,
          "support": 1235
        },
        "accuracy": 0.7777777777777778,
        "macro avg": {
          "precision": 0.7086124374310118,
          "recall": 0.6816753300305932,
          "f1-score": 0.6936159939251322,
          "support": 1908
        },
        "weighted avg": {
          "precision": 0.7719842754613528,
          "recall": 0.7777777777777778,
          "f1-score": 0.7737018633565068,
          "support": 1908
        },
        "feature_type": "bow",
        "model_name": "lstm"
      },
      "confusion_matrix": [
        [
          161,
          33,
          94
        ],
        [
          35,
          232,
          118
        ],
        [
          77,
          67,
          1091
        ]
      ]
    },
    "bow_transformer": {
      "report": {
        "0": {
          "precision": 0.6495726495726496,
          "recall": 0.5277777777777778,
          "f1-score": 0.5823754789272031,
          "support": 288
        },
        "1": {
          "precision": 0.6758241758241759,
          "recall": 0.638961038961039,
          "f1-score": 0.6568758344459279,
          "support": 385
        },
        "2": {
          "precision": 0.8358778625954199,
          "recall": 0.8866396761133604,
          "f1-score": 0.8605108055009825,
          "support": 1235
        },
        "accuracy": 0.7824947589098532,
        "macro avg": {
          "precision": 0.7204248959974152,
          "recall": 0.6844594976173924,
          "f1-score": 0.6999207062913712,
          "support": 1908
        },
        "weighted avg": {
          "precision": 0.7754603726805946,
          "recall": 0.7824947589098532,
          "f1-score": 0.77743824894467,
          "support": 1908
        },
        "feature_type": "bow",
        "model_name": "transformer"
      },
      "confusion_matrix": [
        [
          152,
          36,
          100
        ],
        [
          24,
          246,
          115
        ],
        [
          58,
          82,
          1095
        ]
      ]
    },
    "word2vec_knn": {
      "report": {
        "0": {
          "precision": 0.25925925925925924,
          "recall": 0.14583333333333334,
          "f1-score": 0.18666666666666668,
          "support": 288
        },
        "1": {
          "precision": 0.4090909090909091,
          "recall": 0.2805194805194805,
          "f1-score": 0.33281972265023113,
          "support": 385
        },
        "2": {
          "precision": 0.7017543859649122,
          "recall": 0.8421052631578947,
          "f1-score": 0.7655502392344496,
          "support": 1235
        },
        "accuracy": 0.6236897274633124,
        "macro avg": {
          "precision": 0.45670151810502685,
          "recall": 0.42281935900356954,
          "f1-score": 0.4283455428504492,
          "support": 1908
        },
        "weighted avg": {
          "precision": 0.5759084556254367,
          "recall": 0.6236897274633124,
          "f1-score": 0.5908543703746773,
          "support": 1908
        },
        "feature_type": "word2vec",
        "model_name": "knn"
      },
      "confusion_matrix": [
        [
          42,
          33,
          213
        ],
        [
          48,
          108,
          229
        ],
        [
          72,
          123,
          1040
        ]
      ]
    },
    "word2vec_lstm": {
      "report": {
        "0": {
          "precision": 0.0,
          "recall": 0.0,
          "f1-score": 0.0,
          "support": 288
        },
        "1": {
          "precision": 0.0,
          "recall": 0.0,
          "f1-score": 0.0,
          "support": 385
        },
        "2": {
          "precision": 0.6472746331236897,
          "recall": 1.0,
          "f1-score": 0.7858733693923002,
          "support": 1235
        },
        "accuracy": 0.6472746331236897,
        "macro avg": {
          "precision": 0.2157582110412299,
          "recall": 0.3333333333333333,
          "f1-score": 0.2619577897974334,
          "support": 1908
        },
        "weighted avg": {
          "precision": 0.4189644506854071,
          "recall": 0.6472746331236897,
          "f1-score": 0.508675896855079,
          "support": 1908
        },
        "feature_type": "word2vec",
        "model_name": "lstm"
      },
      "confusion_matrix": [
        [
          0,
          0,
          288
        ],
        [
          0,
          0,
          385
        ],
        [
          0,
          0,
          1235
        ]
      ]
    },
    "word2vec_transformer": {
      "report": {
        "0": {
          "precision": 0.0,
          "recall": 0.0,
          "f1-score": 0.0,
          "support": 288
        },
        "1": {
          "precision": 0.0,
          "recall": 0.0,
          "f1-score": 0.0,
          "support": 385
        },
        "2": {
          "precision": 0.6472746331236897,
          "recall": 1.0,
          "f1-score": 0.7858733693923002,
          "support": 1235
        },
        "accuracy": 0.6472746331236897,
        "macro avg": {
          "precision": 0.2157582110412299,
          "recall": 0.3333333333333333,
          "f1-score": 0.2619577897974334,
          "support": 1908
        },
        "weighted avg": {
          "precision": 0.4189644506854071,
          "recall": 0.6472746331236897,
          "f1-score": 0.508675896855079,
          "support": 1908
        },
        "feature_type": "word2vec",
        "model_name": "transformer"
      },
      "confusion_matrix": [
        [
          0,
          0,
          288
        ],
        [
          0,
          0,
          385
        ],
        [
          0,
          0,
          1235
        ]
      ]
    },
    "transformer_knn": {
      "report": {
        "0": {
          "precision": 0.4260869565217391,
          "recall": 0.3402777777777778,
          "f1-score": 0.3783783783783784,
          "support": 288
        },
        "1": {
          "precision": 0.4529262086513995,
          "recall": 0.4623376623376623,
          "f1-score": 0.4575835475578406,
          "support": 385
        },
        "2": {
          "precision": 0.7852140077821012,