{
  "per_fold_results": {
    "bow_knn": {
      "report": {
        "0": {
          "precision": 0.8392857142857143,
          "recall": 0.16319444444444445,
          "f1-score": 0.27325581395348836,
          "support": 288
        },
        "1": {
          "precision": 0.7666666666666667,
          "recall": 0.23896103896103896,
          "f1-score": 0.36435643564356435,
          "support": 385
        },
        "2": {
          "precision": 0.703810623556582,
          "recall": 0.9870445344129555,
          "f1-score": 0.8217054263565892,
          "support": 1235
        },
        "accuracy": 0.7117400419287212,
        "macro avg": {
          "precision": 0.7699210015029877,
          "recall": 0.4630666726061463,
          "f1-score": 0.48643922531788064,
          "support": 1908
        },
        "weighted avg": {
          "precision": 0.7369429101013266,
          "recall": 0.7117400419287212,
          "f1-score": 0.6466357985805894,
          "support": 1908
        },
        "feature_type": "bow",
        "model_name": "knn"
      },
      "confusion_matrix": [
        [
          47,
          15,
          226
        ],
        [
          6,
          92,
          287
        ],
        [
          3,
          13,
          1219
        ]
      ]
    },
    "bow_lstm": {
      "report": {
        "0": {
          "precision": 0.6023166023166023,
          "recall": 0.5416666666666666,
          "f1-score": 0.5703839122486289,
          "support": 288
        },
        "1": {
          "precision": 0.6752873563218391,
          "recall": 0.6103896103896104,
          "f1-score": 0.6412005457025921,
          "support": 385
        },
        "2": {
          "precision": 0.8332052267486548,
          "recall": 0.8777327935222672,
          "f1-score": 0.8548895899053628,
          "support": 1235
        },
        "accuracy": 0.7730607966457023,
        "macro avg": {
          "precision": 0.7036030617956989,
          "recall": 0.6765963568595147,
          "f1-score": 0.6888246826188613,
          "support": 1908
        },
        "weighted avg": {
          "precision": 0.7664891345312779,
          "recall": 0.7730607966457023,
          "f1-score": 0.7688267402286301,
          "support": 1908
        },
        "feature_type": "bow",
        "model_name": "lstm"
      },
      "confusion_matrix": [
        [
          156,
          33,
          99
        ],
        [
          32,
          235,
          118
        ],
        [
          71,
          80,
          1084
        ]
      ]
    },
    "bow_transformer": {
      "report": {
        "0": {
          "precision": 0.6460905349794238,
          "recall": 0.5451388888888888,
          "f1-score": 0.5913370998116759,
          "support": 288
        },
        "1": {
          "precision": 0.6684782608695652,
          "recall": 0.638961038961039,
          "f1-score": 0.6533864541832669,
          "support": 385
        },
        "2": {
          "precision": 0.8396299151888974,
          "recall": 0.8817813765182186,
          "f1-score": 0.8601895734597156,
          "support": 1235
        },
        "accuracy": 0.7819706498951782,
        "macro avg": {
          "precision": 0.7180662370126288,
          "recall": 0.6886271014560488,
          "f1-score": 0.7016377091515528,
          "support": 1908
        },
        "weighted avg": {
          "precision": 0.7758811057479795,
          "recall": 0.7819706498951782,
          "f1-score": 0.7778789270592606,
          "support": 1908
        },
        "feature_type": "bow",
        "model_name": "transformer"
      },
      "confusion_matrix": [
        [
          157,
          36,
          95
        ],
        [
          26,
          246,
          113
        ],
        [
          60,
          86,
          1089
        ]
      ]
    },
    "word2vec_knn": {
      "report": {
        "0": {
          "precision": 0.26785714285714285,
          "recall": 0.15625,
          "f1-score": 0.19736842105263158,
          "support": 288
        },
        "1": {
          "precision": 0.4,
          "recall": 0.2805194805194805,
          "f1-score": 0.32977099236641216,
          "support": 385
        },
        "2": {
          "precision": 0.7040816326530612,
          "recall": 0.8380566801619433,
          "f1-score": 0.7652495378927912,
          "support": 1235
        },
        "accuracy": 0.6226415094339622,
        "macro avg": {
          "precision": 0.45731292517006805,
          "recall": 0.4249420535604746,
          "f1-score": 0.430796317103945,
          "support": 1908
        },
        "weighted avg": {
          "precision": 0.576878235570958,
          "recall": 0.6226415094339622,
          "f1-score": 0.591659914372025,
          "support": 1908
        },
        "feature_type": "word2vec",
        "model_name": "knn"
      },
      "confusion_matrix": [
        [
          45,
          43,
          200
        ],
        [
          42,
          108,
          235
        ],
        [
          81,
          119,
          1035
        ]
      ]
    },
    "word2vec_lstm": {
      "report": {
        "0": {
          "precision": 0.0,
          "recall": 0.0,
          "f1-score": 0.0,
          "support": 288
        },
        "1": {
          "precision": 0.7272727272727273,
          "recall": 0.02077922077922078,
          "f1-score": 0.04040404040404041,
          "support": 385
        },
        "2": {
          "precision": 0.6505007907221929,
          "recall": 0.9991902834008097,
          "f1-score": 0.7879948914431674,
          "support": 1235
        },
        "accuracy": 0.6509433962264151,
        "macro avg": {
          "precision": 0.45925783933164005,
          "recall": 0.3399898347266768,
          "f1-score": 0.2761329772824026,
          "support": 1908
        },
        "weighted avg": {
          "precision": 0.5678031847703922,
          "recall": 0.6509433962264151,
          "f1-score": 0.5182019111571632,
          "support": 1908
        },
        "feature_type": "word2vec",
        "model_name": "lstm"
      },
      "confusion_matrix": [
        [
          0,
          2,
          286
        ],
        [
          0,
          8,
          377
        ],
        [
          0,
          1,
          1234
        ]
      ]
    },
    "word2vec_transformer": {
      "report": {
        "0": {
          "precision": 0.0,
          "recall": 0.0,
          "f1-score": 0.0,
          "support": 288
        },
        "1": {
          "precision": 0.0,
          "recall": 0.0,
          "f1-score": 0.0,
          "support": 385
        },
        "2": {
          "precision": 0.6472746331236897,
          "recall": 1.0,
          "f1-score": 0.7858733693923002,
          "support": 1235
        },
        "accuracy": 0.6472746331236897,
        "macro avg": {
          "precision": 0.2157582110412299,
          "recall": 0.3333333333333333,
          "f1-score": 0.2619577897974334,
          "support": 1908
        },
        "weighted avg": {
          "precision": 0.4189644506854071,
          "recall": 0.6472746331236897,
          "f1-score": 0.508675896855079,
          "support": 1908
        },
        "feature_type": "word2vec",
        "model_name": "transformer"
      },
      "confusion_matrix": [
        [
          0,
          0,
          288
        ],
        [
          0,
          0,
          385
        ],
        [
          0,
          0,
          1235
        ]
      ]
    },
    "transformer_knn": {
      "report": {
        "0": {
          "precision": 0.4260869565217391,
          "recall": 0.3402777777777778,
          "f1-score": 0.3783783783783784,
          "support": 288
        },
        "1": {
          "precision": 0.4529262086513995,
          "recall": 0.4623376623376623,
          "f1-score": 0.4575835475578406,
          "support": 385
        },