{
  "per_fold_results": {
    "bow_knn": {
      "report": {
        "0": {
          "precision": 0.6161616161616161,
          "recall": 0.4236111111111111,
          "f1-score": 0.5020576131687242,
          "support": 288
        },
        "1": {
          "precision": 0.6454849498327759,
          "recall": 0.5012987012987012,
          "f1-score": 0.5643274853801169,
          "support": 385
        },
        "2": {
          "precision": 0.7994330262225372,
          "recall": 0.9133603238866397,
          "f1-score": 0.8526077097505669,
          "support": 1235
        },
        "accuracy": 0.7562893081761006,
        "macro avg": {
          "precision": 0.6870265307389763,
          "recall": 0.6127567120988173,
          "f1-score": 0.6396642694331359,
          "support": 1908
        },
        "weighted avg": {
          "precision": 0.7407054709250511,
          "recall": 0.7562893081761006,
          "f1-score": 0.7415247358521424,
          "support": 1908
        },
        "feature_type": "bow",
        "model_name": "knn"
      },
      "confusion_matrix": [
        [
          122,
          46,
          120
        ],
        [
          29,
          193,
          163
        ],
        [
          47,
          60,
          1128
        ]
      ]
    },
    "bow_lstm": {
      "report": {
        "0": {
          "precision": 0.49097472924187724,
          "recall": 0.4722222222222222,
          "f1-score": 0.4814159292035398,
          "support": 288
        },
        "1": {
          "precision": 0.5880758807588076,
          "recall": 0.5636363636363636,
          "f1-score": 0.5755968169761273,
          "support": 385
        },
        "2": {
          "precision": 0.820919175911252,
          "recall": 0.8388663967611336,
          "f1-score": 0.8297957549058871,
          "support": 1235
        },
        "accuracy": 0.7279874213836478,
        "macro avg": {
          "precision": 0.6333232619706456,
          "recall": 0.6249083275399064,
          "f1-score": 0.6289361670285181,
          "support": 1908
        },
        "weighted avg": {
          "precision": 0.7241326616164558,
          "recall": 0.7279874213836478,
          "f1-score": 0.725917358205031,
          "support": 1908
        },
        "feature_type": "bow",
        "model_name": "lstm"
      },
      "confusion_matrix": [
        [
          136,
          50,
          102
        ],
        [
          44,
          217,
          124
        ],
        [
          97,
          102,
          1036
        ]
      ]
    },
    "bow_transformer": {
      "report": {
        "0": {
          "precision": 0.5990783410138248,
          "recall": 0.4513888888888889,
          "f1-score": 0.5148514851485148,
          "support": 288
        },
        "1": {
          "precision": 0.6784565916398714,
          "recall": 0.548051948051948,
          "f1-score": 0.6063218390804597,
          "support": 385
        },
        "2": {
          "precision": 0.808695652173913,
          "recall": 0.9036437246963562,
          "f1-score": 0.8535372848948374,
          "support": 1235
        },
        "accuracy": 0.7636268343815513,
        "macro avg": {
          "precision": 0.6954101949425363,
          "recall": 0.634361520545731,
          "f1-score": 0.6582368697079373,
          "support": 1908
        },
        "weighted avg": {
          "precision": 0.7507754090294102,
          "recall": 0.7636268343815513,
          "f1-score": 0.7525312801959505,
          "support": 1908
        },
        "feature_type": "bow",
        "model_name": "transformer"
      },
      "confusion_matrix": [
        [
          130,
          37,
          121
        ],
        [
          31,
          211,
          143
        ],
        [
          56,
          63,
          1116
        ]
      ]
    },
    "word2vec_knn": {
      "report": {
        "0": {
          "precision": 0.5773195876288659,
          "recall": 0.3888888888888889,
          "f1-score": 0.46473029045643155,
          "support": 288
        },
        "1": {
          "precision": 0.6206896551724138,
          "recall": 0.4675324675324675,
          "f1-score": 0.5333333333333333,
          "support": 385
        },
        "2": {
          "precision": 0.7956460674157303,
          "recall": 0.9174089068825911,
          "f1-score": 0.8522000752162466,
          "support": 1235
        },
        "accuracy": 0.7468553459119497,
        "macro avg": {
          "precision": 0.6645517700723368,
          "recall": 0.5912767544346492,
          "f1-score": 0.6167545663353372,
          "support": 1908
        },
        "weighted avg": {
          "precision": 0.7273880774302514,
          "recall": 0.7468553459119497,
          "f1-score": 0.7293725104176364,
          "support": 1908
        },
        "feature_type": "word2vec",
        "model_name": "knn"
      },
      "confusion_matrix": [
        [
          112,
          48,
          128
        ],
        [
          42,
          180,
          163
        ],
        [
          40,
          62,
          1133
        ]
      ]
    },
    "word2vec_lstm": {
      "report": {
        "0": {
          "precision": 0.5043478260869565,
          "recall": 0.4027777777777778,
          "f1-score": 0.4478764478764479,
          "support": 288
        },
        "1": {
          "precision": 0.5693430656934306,
          "recall": 0.4051948051948052,
          "f1-score": 0.4734446130500759,
          "support": 385
        },
        "2": {
          "precision": 0.7870370370370371,
          "recall": 0.8947368421052632,
          "f1-score": 0.8374384236453202,
          "support": 1235
        },
        "accuracy": 0.7216981132075472,
        "macro avg": {
          "precision": 0.6202426429391413,
          "recall": 0.5675698083592821,
          "f1-score": 0.586253161523948,
          "support": 1908
        },
        "weighted avg": {
          "precision": 0.7004402489233517,
          "recall": 0.7216981132075472,
          "f1-score": 0.705189227575821,
          "support": 1908
        },
        "feature_type": "word2vec",
        "model_name": "lstm"
      },
      "confusion_matrix": [
        [
          116,
          45,
          127
        ],
        [
          57,
          156,
          172
        ],
        [
          57,
          73,
          1105
        ]
      ]
    },
    "word2vec_transformer": {
      "report": {
        "0": {
          "precision": 0.5067873303167421,
          "recall": 0.3888888888888889,
          "f1-score": 0.4400785854616896,
          "support": 288
        },
        "1": {
          "precision": 0.5682539682539682,
          "recall": 0.4649350649350649,
          "f1-score": 0.5114285714285713,
          "support": 385
        },
        "2": {
          "precision": 0.8002915451895044,
          "recall": 0.8890688259109312,
          "f1-score": 0.8423475258918298,
          "support": 1235
        },
        "accuracy": 0.7279874213836478,
        "macro avg": {
          "precision": 0.6251109479200716,
          "recall": 0.5809642599116284,
          "f1-score": 0.5979515609273636,
          "support": 1908
        },
        "weighted avg": {
          "precision": 0.709168022650963,
          "recall": 0.7279874213836478,
          "f1-score": 0.7148542070699038,
          "support": 1908
        },
        "feature_type": "word2vec",
        "model_name": "transformer"
      },
      "confusion_matrix": [
        [
          112,
          56,
          120
        ],
        [
          52,
          179,
          154
        ],
        [
          57,
          80,
          1098
        ]
      ]
    },
    "transformer_knn": {
      "report": {
        "0": {
          "precision": 0.453781512605042,
          "recall": 0.375,
          "f1-score": 0.4106463878326997,
          "support": 288
        },