{
  "per_fold_results": {
    "bow_knn": {
      "report": {
        "0": {
          "precision": 0.8392857142857143,
          "recall": 0.16319444444444445,
          "f1-score": 0.27325581395348836,
          "support": 288
        },
        "1": {
          "precision": 0.7666666666666667,
          "recall": 0.23896103896103896,
          "f1-score": 0.36435643564356435,
          "support": 385
        },
        "2": {
          "precision": 0.703810623556582,
          "recall": 0.9870445344129555,
          "f1-score": 0.8217054263565892,
          "support": 1235
        },
        "accuracy": 0.7117400419287212,
        "macro avg": {
          "precision": 0.7699210015029877,
          "recall": 0.4630666726061463,
          "f1-score": 0.48643922531788064,
          "support": 1908
        },
        "weighted avg": {
          "precision": 0.7369429101013266,
          "recall": 0.7117400419287212,
          "f1-score": 0.6466357985805894,
          "support": 1908
        },
        "feature_type": "bow",
        "model_name": "knn"
      },
      "confusion_matrix": [
        [
          47,
          15,
          226
        ],
        [
          6,
          92,
          287
        ],
        [
          3,
          13,
          1219
        ]
      ]
    },
    "bow_lstm": {
      "report": {
        "0": {
          "precision": 0.5895522388059702,
          "recall": 0.5486111111111112,
          "f1-score": 0.5683453237410072,
          "support": 288
        },
        "1": {
          "precision": 0.6769662921348315,
          "recall": 0.625974025974026,
          "f1-score": 0.650472334682861,
          "support": 385
        },
        "2": {
          "precision": 0.8403426791277259,
          "recall": 0.8736842105263158,
          "f1-score": 0.8566891623660183,
          "support": 1235
        },
        "accuracy": 0.7746331236897275,
        "macro avg": {
          "precision": 0.7022870700228424,
          "recall": 0.6827564492038176,
          "f1-score": 0.6918356069299622,
          "support": 1908
        },
        "weighted avg": {
          "precision": 0.7695211089993559,
          "recall": 0.7746331236897275,
          "f1-score": 0.7715547262119204,
          "support": 1908
        },
        "feature_type": "bow",
        "model_name": "lstm"
      },
      "confusion_matrix": [
        [
          158,
          35,
          95
        ],
        [
          34,
          241,
          110
        ],
        [
          76,
          80,
          1079
        ]
      ]
    },
    "bow_transformer": {
      "report": {
        "0": {
          "precision": 0.6284584980237155,
          "recall": 0.5520833333333334,
          "f1-score": 0.5878003696857672,
          "support": 288
        },
        "1": {
          "precision": 0.7014925373134329,
          "recall": 0.6103896103896104,
          "f1-score": 0.6527777777777777,
          "support": 385
        },
        "2": {
          "precision": 0.8393939393939394,
          "recall": 0.897165991902834,
          "f1-score": 0.8673189823874756,
          "support": 1235
        },
        "accuracy": 0.7872117400419287,
        "macro avg": {
          "precision": 0.7231149915770292,
          "recall": 0.6865463118752593,
          "f1-score": 0.7026323766170068,
          "support": 1908
        },
        "weighted avg": {
          "precision": 0.7797286108218117,
          "recall": 0.7872117400419287,
          "f1-score": 0.7818369466260364,
          "support": 1908
        },
        "feature_type": "bow",
        "model_name": "transformer"
      },
      "confusion_matrix": [
        [
          159,
          32,
          97
        ],
        [
          35,
          235,
          115
        ],
        [
          59,
          68,
          1108
        ]
      ]
    },
    "word2vec_knn": {
      "report": {
        "0": {
          "precision": 0.43317972350230416,
          "recall": 0.3263888888888889,
          "f1-score": 0.3722772277227722,
          "support": 288
        },
        "1": {
          "precision": 0.5093167701863354,
          "recall": 0.42597402597402595,
          "f1-score": 0.46393210749646385,
          "support": 385
        },
        "2": {
          "precision": 0.7742878013148283,
          "recall": 0.8582995951417004,
          "f1-score": 0.8141321044546851,
          "support": 1235
        },
        "accuracy": 0.6907756813417191,
        "macro avg": {
          "precision": 0.5722614316678226,
          "recall": 0.5368875033348718,
          "f1-score": 0.5501138132246405,
          "support": 1908
        },
        "weighted avg": {
          "precision": 0.6693334127432996,
          "recall": 0.6907756813417191,
          "f1-score": 0.6767729832137489,
          "support": 1908
        },
        "feature_type": "word2vec",
        "model_name": "knn"
      },
      "confusion_matrix": [
        [
          94,
          57,
          137
        ],
        [
          49,
          164,
          172
        ],
        [
          74,
          101,
          1060
        ]
      ]
    },
    "word2vec_lstm": {
      "report": {
        "0": {
          "precision": 0.0,
          "recall": 0.0,
          "f1-score": 0.0,
          "support": 288
        },
        "1": {
          "precision": 0.5604395604395604,
          "recall": 0.13246753246753246,
          "f1-score": 0.2142857142857143,
          "support": 385
        },
        "2": {
          "precision": 0.6725371491469455,
          "recall": 0.9894736842105263,
          "f1-score": 0.8007863695937091,
          "support": 1235
        },
        "accuracy": 0.6671907756813418,
        "macro avg": {
          "precision": 0.41099223652883526,
          "recall": 0.3739804055593529,
          "f1-score": 0.33835736129314115,
          "support": 1908
        },
        "weighted avg": {
          "precision": 0.5484028354117969,
          "recall": 0.6671907756813418,
          "f1-score": 0.5615676972999112,
          "support": 1908
        },
        "feature_type": "word2vec",
        "model_name": "lstm"
      },
      "confusion_matrix": [
        [
          0,
          27,
          261
        ],
        [
          0,
          51,
          334
        ],
        [
          0,
          13,
          1222
        ]
      ]
    },
    "word2vec_transformer": {
      "report": {
        "0": {
          "precision": 0.0,
          "recall": 0.0,
          "f1-score": 0.0,
          "support": 288
        },
        "1": {
          "precision": 0.5581395348837209,
          "recall": 0.12467532467532468,
          "f1-score": 0.2038216560509554,
          "support": 385
        },
        "2": {
          "precision": 0.6712403951701427,
          "recall": 0.9902834008097166,
          "f1-score": 0.8001308472358521,
          "support": 1235
        },
        "accuracy": 0.6661425576519916,
        "macro avg": {
          "precision": 0.4097933100179545,
          "recall": 0.37165290849501376,
          "f1-score": 0.33465083442893584,
          "support": 1908
        },
        "weighted avg": {
          "precision": 0.5470993757680077,
          "recall": 0.6661425576519916,
          "f1-score": 0.5590319360146201,
          "support": 1908
        },
        "feature_type": "word2vec",
        "model_name": "transformer"
      },
      "confusion_matrix": [
        [
          0,
          26,
          262
        ],
        [
          0,
          48,
          337
        ],
        [
          0,
          12,
          1223
        ]
      ]
    },
    "transformer_knn": {
      "report": {
        "0": {
          "precision": 0.4260869565217391,
          "recall": 0.3402777777777778,
          "f1-score": 0.3783783783783784,
          "support": 288
        },
        "1": {
          "precision": 0.4529262086513995,
          "recall": 0.4623376623376623,