{
  "type": "word2vec",
  "vector_size": 100,
  "window": 5,
  "min_count": 5,
  "sg": 1,
  "vocabulary_size": 2604,
  "similar_words": {
    "bullish": [
      [
        "never",
        0.9938984513282776
      ],
      [
        "hedge",
        0.9766393303871155
      ],
      [
        "fund",
        0.9574503898620605
      ],
      [
        "mutual",
        0.949583113193512
      ],
      [
        "dumping",
        0.9365839958190918
      ]
    ],
    "bearish": [
      [
        "pickup",
        0.9979318976402283
      ],
      [
        "researcher",
        0.997868537902832
      ],
      [
        "block",
        0.9977989792823792
      ],
      [
        "reveals",
        0.9977970719337463
      ],
      [
        "sends",
        0.9977870583534241
      ]
    ],
    "buy": [
      [
        "started",
        0.9571931958198547
      ],
      [
        "cad",
        0.9555680751800537
      ],
      [
        "municipal",
        0.950333297252655
      ],
      [
        "pay",
        0.946937620639801
      ],
      [
        "benchmark",
        0.9463309049606323
      ]
    ],
    "sell": [
      [
        "cash",
        0.9917605519294739
      ],
      [
        "stubhub",
        0.991733729839325
      ],
      [
        "viagogo",
        0.9911274909973145
      ],
      [
        "ebay",
        0.988449215888977
      ],
      [
        "priceb",
        0.9884069561958313
      ]
    ],
    "market": [
      [
        "update",
        0.9678479433059692
      ],
      [
        "stockmarket",
        0.9626032114028931
      ],
      [
        "trading",
        0.9553508162498474
      ],
      [
        "finance",
        0.9514522552490234
      ],
      [
        "investing",
        0.9501753449440002
      ]
    ]
  }
}