{
  "total_samples": 9543,
  "class_distribution": {
    "2": 6178,
    "1": 1923,
    "0": 1442
  },
  "class_percentages": {
    "2": 64.73855181808655,
    "1": 20.150895944671486,
    "0": 15.110552237241958
  }
}