{
  "character_length": {
    "mean": 85.81693387823536,
    "median": 79.0,
    "std": 35.09722876132112,
    "min": 2,
    "max": 190
  },
  "word_count": {
    "mean": 12.17835062349366,
    "median": 11.0,
    "std": 4.665598615626127,
    "min": 1,
    "max": 32
  }
}