{
  "avg_sentence_length": 12.17835062349366,
  "unique_words_ratio": 0.9829034994700473,
  "stop_words_ratio": 0.20391328771200967
}