{
  "confusion_matrix": [
    [
      157,
      45,
      86
    ],
    [
      51,
      230,
      104
    ],
    [
      118,
      126,
      991
    ]
  ],
  "labels": [
    "Bearish",
    "Bullish",
    "Neutral"
  ],
  "accuracy": 0.7222222222222222,
  "macro_avg": {
    "precision": 0.6314268557199111,
    "recall": 0.6483235453630191,
    "f1-score": 0.6390022067187641,
    "support": 1908
  }
}