{
  "confusion_matrix": [
    [
      162,
      47,
      79
    ],
    [
      47,
      237,
      101
    ],
    [
      123,
      131,
      981
    ]
  ],
  "labels": [
    "Bearish",
    "Bullish",
    "Neutral"
  ],
  "accuracy": 0.7232704402515723,
  "macro_avg": {
    "precision": 0.6346657949627968,
    "recall": 0.6574721331300278,
    "f1-score": 0.6446484732618881,
    "support": 1908
  }
}