{
  "confusion_matrix": [
    [
      130,
      37,
      121
    ],
    [
      31,
      211,
      143
    ],
    [
      56,
      63,
      1116
    ]
  ],
  "labels": [
    "Bearish",
    "Bullish",
    "Neutral"
  ],
  "accuracy": 0.7636268343815513,
  "macro_avg": {
    "precision": 0.6954101949425363,
    "recall": 0.634361520545731,
    "f1-score": 0.6582368697079373,
    "support": 1908
  }
}