{
  "cross_validation_results": [
    {
      "0": {
        "precision": 0.670995670995671,
        "recall": 0.5363321799307958,
        "f1-score": 0.5961538461538461,
        "support": 289
      },
      "1": {
        "precision": 0.6973684210526315,
        "recall": 0.6901041666666666,
        "f1-score": 0.6937172774869109,
        "support": 384
      },
      "2": {
        "precision": 0.8428351309707242,
        "recall": 0.8851132686084142,
        "f1-score": 0.8634569850039463,
        "support": 1236
      },
      "accuracy": 0.7930853850183343,
      "macro avg": {
        "precision": 0.7370664076730088,
        "recall": 0.7038498717352922,
        "f1-score": 0.717776036214901,
        "support": 1909
      },
      "weighted avg": {
        "precision": 0.787559688047027,
        "recall": 0.7930853850183343,
        "f1-score": 0.7888468986685767,
        "support": 1909
      }
    },
    {
      "0": {
        "precision": 0.632,
        "recall": 0.5467128027681661,
        "f1-score": 0.5862708719851577,
        "support": 289
      },
      "1": {
        "precision": 0.6988950276243094,
        "recall": 0.6588541666666666,
        "f1-score": 0.67828418230563,
        "support": 384
      },
      "2": {
        "precision": 0.8427139552814187,
        "recall": 0.8843042071197411,
        "f1-score": 0.863008290564548,
        "support": 1236
      },
      "accuracy": 0.7878470403352541,
      "macro avg": {
        "precision": 0.7245363276352427,
        "recall": 0.6966237255181914,
        "f1-score": 0.7091877816184452,
        "support": 1909
      },
      "weighted avg": {
        "precision": 0.7818848294057456,
        "recall": 0.7878470403352541,
        "f1-score": 0.7839558172586977,
        "support": 1909
      }
    },
    {
      "0": {
        "precision": 0.6293103448275862,
        "recall": 0.5069444444444444,
        "f1-score": 0.5615384615384615,
        "support": 288
      },
      "1": {
        "precision": 0.7088948787061995,
        "recall": 0.6831168831168831,
        "f1-score": 0.6957671957671959,
        "support": 385
      },
      "2": {
        "precision": 0.844563552833078,
        "recall": 0.8923948220064725,
        "f1-score": 0.8678206136900078,
        "support": 1236
      },
      "accuracy": 0.7920377160817181,
      "macro avg": {
        "precision": 0.7275895921222878,
        "recall": 0.6941520498559334,
        "f1-score": 0.7083754236652218,
        "support": 1909
      },
      "weighted avg": {
        "precision": 0.7847283703058754,
        "recall": 0.7920377160817181,
        "f1-score": 0.7869144713537438,
        "support": 1909
      }
    },
    {
      "0": {
        "precision": 0.5789473684210527,
        "recall": 0.5347222222222222,
        "f1-score": 0.555956678700361,
        "support": 288
      },
      "1": {
        "precision": 0.6487804878048781,
        "recall": 0.6909090909090909,
        "f1-score": 0.6691823899371069,
        "support": 385
      },
      "2": {
        "precision": 0.8498376623376623,
        "recall": 0.8477732793522267,
        "f1-score": 0.8488042156465343,
        "support": 1235
      },
      "accuracy": 0.7688679245283019,
      "macro avg": {
        "precision": 0.6925218395211977,
        "recall": 0.69113486416118,
        "f1-score": 0.6913144280946675,
        "support": 1908
      },
      "weighted avg": {
        "precision": 0.7683788484785925,
        "recall": 0.7688679245283019,
        "f1-score": 0.7683563678799581,
        "support": 1908
      }
    },
    {
      "0": {
        "precision": 0.599250936329588,
        "recall": 0.5555555555555556,
        "f1-score": 0.5765765765765766,
        "support": 288
      },
      "1": {
        "precision": 0.6991150442477876,
        "recall": 0.6155844155844156,
        "f1-score": 0.6546961325966851,
        "support": 385
      },
      "2": {
        "precision": 0.837173579109063,
        "recall": 0.8825910931174089,
        "f1-score": 0.8592826172644856,
        "support": 1235
      },
      "accuracy": 0.7793501048218029,
      "macro avg": {
        "precision": 0.7118465198954795,
        "recall": 0.6845770214191268,
        "f1-score": 0.696851775479249,
        "support": 1908
      },
      "weighted avg": {
        "precision": 0.7734030041394195,
        "recall": 0.7793501048218029,
        "f1-score": 0.7753281433047262,
        "support": 1908
      }
    }
  ],
  "final_confusion_matrix": [
    [
      1439,
      1,
      2
    ],
    [
      3,
      1916,
      4
    ],
    [
      0,
      6,
      6172
    ]
  ],
  "model_weights": {
    "bow_lstm": 0.35,
    "bow_transformer": 0.35,
    "transformer_knn": 0.3
  }
}