{
  "cross_validation_results": [
    {
      "0": {
        "precision": 0.6244725738396625,
        "recall": 0.5121107266435986,
        "f1-score": 0.5627376425855514,
        "support": 289
      },
      "1": {
        "precision": 0.6914285714285714,
        "recall": 0.6302083333333334,
        "f1-score": 0.659400544959128,
        "support": 384
      },
      "2": {
        "precision": 0.8320726172465961,
        "recall": 0.889967637540453,
        "f1-score": 0.8600469116497264,
        "support": 1236
      },
      "accuracy": 0.7805133577789418,
      "macro avg": {
        "precision": 0.7159912541716099,
        "recall": 0.6774288991724617,
        "f1-score": 0.6940616997314687,
        "support": 1909
      },
      "weighted avg": {
        "precision": 0.7723535359795843,
        "recall": 0.7805133577789418,
        "f1-score": 0.7746773026561505,
        "support": 1909
      }
    },
    {
      "0": {
        "precision": 0.5582329317269076,
        "recall": 0.4809688581314879,
        "f1-score": 0.516728624535316,
        "support": 289
      },
      "1": {
        "precision": 0.6533333333333333,
        "recall": 0.6380208333333334,
        "f1-score": 0.6455862977602107,
        "support": 384
      },
      "2": {
        "precision": 0.8389105058365759,
        "recall": 0.872168284789644,
        "f1-score": 0.855216184053947,
        "support": 1236
      },
      "accuracy": 0.7658459926663175,
      "macro avg": {
        "precision": 0.6834922569656056,
        "recall": 0.663719325418155,
        "f1-score": 0.6725103687831578,
        "support": 1909
      },
      "weighted avg": {
        "precision": 0.7590899436789336,
        "recall": 0.7658459926663175,
        "f1-score": 0.7618056125308044,
        "support": 1909
      }
    },
    {
      "0": {
        "precision": 0.5925925925925926,
        "recall": 0.5,
        "f1-score": 0.5423728813559322,
        "support": 288
      },
      "1": {
        "precision": 0.6968838526912181,
        "recall": 0.638961038961039,
        "f1-score": 0.6666666666666665,
        "support": 385
      },
      "2": {
        "precision": 0.8392993145468393,
        "recall": 0.8915857605177994,
        "f1-score": 0.864652805021577,
        "support": 1236
      },
      "accuracy": 0.7815610267155579,
      "macro avg": {
        "precision": 0.70959191994355,
        "recall": 0.6768489331596128,
        "f1-score": 0.6912307843480585,
        "support": 1909
      },
      "weighted avg": {
        "precision": 0.7733582518243473,
        "recall": 0.7815610267155579,
        "f1-score": 0.7761031553189338,
        "support": 1909
      }
    },
    {
      "0": {
        "precision": 0.5320754716981132,
        "recall": 0.4895833333333333,
        "f1-score": 0.5099457504520796,
        "support": 288
      },
      "1": {
        "precision": 0.631578947368421,
        "recall": 0.5922077922077922,
        "f1-score": 0.6112600536193029,
        "support": 385
      },
      "2": {
        "precision": 0.8268330733229329,
        "recall": 0.8582995951417004,
        "f1-score": 0.8422725466825586,
        "support": 1235
      },
      "accuracy": 0.7489517819706499,
      "macro avg": {
        "precision": 0.663495830796489,
        "recall": 0.6466969068942753,
        "f1-score": 0.6544927835846471,
        "support": 1908
      },
      "weighted avg": {
        "precision": 0.7429425975575056,
        "recall": 0.7489517819706499,
        "f1-score": 0.7454958553074372,
        "support": 1908
      }
    },
    {
      "0": {
        "precision": 0.5535055350553506,
        "recall": 0.5208333333333334,
        "f1-score": 0.5366726296958856,
        "support": 288
      },
      "1": {
        "precision": 0.6325301204819277,
        "recall": 0.5454545454545454,
        "f1-score": 0.5857740585774059,
        "support": 385
      },
      "2": {
        "precision": 0.8199233716475096,
        "recall": 0.8663967611336032,
        "f1-score": 0.8425196850393701,
        "support": 1235
      },
      "accuracy": 0.749475890985325,
      "macro avg": {
        "precision": 0.6686530090615959,
        "recall": 0.6442282133071607,
        "f1-score": 0.6549887911042206,
        "support": 1908
      },
      "weighted avg": {
        "precision": 0.7418967790703132,
        "recall": 0.749475890985325,
        "f1-score": 0.7445474533167392,
        "support": 1908
      }
    }
  ],
  "final_confusion_matrix": [
    [
      1432,
      4,
      6
    ],
    [
      1,
      1911,
      11
    ],
    [
      0,
      5,
      6173
    ]
  ],
  "model_weights": {
    "bow_lstm": 0.4,
    "bow_transformer": 0.4,
    "transformer_knn": 0.2
  }
}