{
  "cross_validation_results": [
    {
      "0": {
        "precision": 0.5616438356164384,
        "recall": 0.7093425605536332,
        "f1-score": 0.6269113149847095,
        "support": 289
      },
      "1": {
        "precision": 0.566003616636528,
        "recall": 0.8151041666666666,
        "f1-score": 0.6680896478121665,
        "support": 384
      },
      "2": {
        "precision": 0.9152371342078708,
        "recall": 0.7338187702265372,
        "f1-score": 0.8145487202514593,
        "support": 1236
      },
      "accuracy": 0.7464641173389209,
      "macro avg": {
        "precision": 0.680961528820279,
        "recall": 0.7527551658156123,
        "f1-score": 0.7031832276827784,
        "support": 1909
      },
      "weighted avg": {
        "precision": 0.7914581221385572,
        "recall": 0.7464641173389209,
        "f1-score": 0.7566820392987201,
        "support": 1909
      }
    },
    {
      "0": {
        "precision": 0.5261780104712042,
        "recall": 0.6955017301038062,
        "f1-score": 0.5991058122205664,
        "support": 289
      },
      "1": {
        "precision": 0.5535390199637024,
        "recall": 0.7942708333333334,
        "f1-score": 0.6524064171122995,
        "support": 384
      },
      "2": {
        "precision": 0.9252049180327869,
        "recall": 0.7305825242718447,
        "f1-score": 0.8164556962025316,
        "support": 1236
      },
      "accuracy": 0.7380827658459926,
      "macro avg": {
        "precision": 0.6683073161558979,
        "recall": 0.7401183625696613,
        "f1-score": 0.6893226418451325,
        "support": 1909
      },
      "weighted avg": {
        "precision": 0.7900354674598032,
        "recall": 0.7380827658459926,
        "f1-score": 0.7505525848136174,
        "support": 1909
      }
    },
    {
      "0": {
        "precision": 0.5302663438256658,
        "recall": 0.7604166666666666,
        "f1-score": 0.6248216833095578,
        "support": 288
      },
      "1": {
        "precision": 0.620253164556962,
        "recall": 0.7636363636363637,
        "f1-score": 0.6845168800931315,
        "support": 385
      },
      "2": {
        "precision": 0.9158512720156555,
        "recall": 0.7572815533980582,
        "f1-score": 0.8290522586359611,
        "support": 1236
      },
      "accuracy": 0.7590361445783133,
      "macro avg": {
        "precision": 0.6887902601327611,
        "recall": 0.7604448612336961,
        "f1-score": 0.7127969406795501,
        "support": 1909
      },
      "weighted avg": {
        "precision": 0.7980651375524213,
        "recall": 0.7590361445783133,
        "f1-score": 0.7690917942918053,
        "support": 1909
      }
    },
    {
      "0": {
        "precision": 0.550531914893617,
        "recall": 0.71875,
        "f1-score": 0.6234939759036144,
        "support": 288
      },
      "1": {
        "precision": 0.554954954954955,
        "recall": 0.8,
        "f1-score": 0.6553191489361703,
        "support": 385
      },
      "2": {
        "precision": 0.9160696008188332,
        "recall": 0.7246963562753036,
        "f1-score": 0.8092224231464737,
        "support": 1235
      },
      "accuracy": 0.7389937106918238,
      "macro avg": {
        "precision": 0.673852156889135,
        "recall": 0.7478154520917678,
        "f1-score": 0.6960118493287529,
        "support": 1908
      },
      "weighted avg": {
        "precision": 0.788027676183584,
        "recall": 0.7389937106918238,
        "f1-score": 0.7501330345841518,
        "support": 1908
      }
    },
    {
      "0": {
        "precision": 0.5037783375314862,
        "recall": 0.6944444444444444,
        "f1-score": 0.5839416058394161,
        "support": 288
      },
      "1": {
        "precision": 0.5659655831739961,
        "recall": 0.7688311688311689,
        "f1-score": 0.6519823788546255,
        "support": 385
      },
      "2": {
        "precision": 0.9149797570850202,
        "recall": 0.7319838056680162,
        "f1-score": 0.8133153396311291,
        "support": 1235
      },
      "accuracy": 0.7337526205450734,
      "macro avg": {
        "precision": 0.6615745592635008,
        "recall": 0.7317531396478766,
        "f1-score": 0.6830797747750569,
        "support": 1908
      },
      "weighted avg": {
        "precision": 0.7824868504879751,
        "recall": 0.7337526205450734,
        "f1-score": 0.7461388064912092,
        "support": 1908
      }
    }
  ],
  "final_confusion_matrix": [
    [
      1442,
      0,
      0
    ],
    [
      4,
      1919,
      0
    ],
    [
      270,
      399,
      5509
    ]
  ],
  "model_weights": {
    "finbert_cls": 0.3,
    "finbert_mean": 0.25,
    "bow_tfidf_combined": 0.25,
    "transformer": 0.2
  }
}