{
  "fold": 1,
  "cv_results": [
    {
      "0": {
        "precision": 0.5811965811965812,
        "recall": 0.7058823529411765,
        "f1-score": 0.6375000000000001,
        "support": 289
      },
      "1": {
        "precision": 0.6738609112709832,
        "recall": 0.7317708333333334,
        "f1-score": 0.7016229712858928,
        "support": 384
      },
      "2": {
        "precision": 0.8825591586327782,
        "recall": 0.8147249190938511,
        "f1-score": 0.8472864955826672,
        "support": 1236
      },
      "accuracy": 0.7815610267155579,
      "macro avg": {
        "precision": 0.7125388837001142,
        "recall": 0.7507927017894537,
        "f1-score": 0.7288031556228534,
        "support": 1909
      },
      "weighted avg": {
        "precision": 0.7949562713273878,
        "recall": 0.7815610267155579,
        "f1-score": 0.786226731018313,
        "support": 1909
      },
      "matthews_corrcoef": 0.5990239703258475
    }
  ],
  "mcc_scores": [
    0.5990239703258475
  ]
}