{
  "fold": 2,
  "cv_results": [
    {
      "0": {
        "precision": 0.44529750479846447,
        "recall": 0.8027681660899654,
        "f1-score": 0.5728395061728395,
        "support": 289
      },
      "1": {
        "precision": 0.5,
        "recall": 0.8151041666666666,
        "f1-score": 0.6198019801980198,
        "support": 384
      },
      "2": {
        "precision": 0.937007874015748,
        "recall": 0.5776699029126213,
        "f1-score": 0.7147147147147147,
        "support": 1236
      },
      "accuracy": 0.6595075955997904,
      "macro avg": {
        "precision": 0.6274351262714042,
        "recall": 0.7318474118897512,
        "f1-score": 0.635785400361858,
        "support": 1909
      },
      "weighted avg": {
        "precision": 0.7746635469723524,
        "recall": 0.6595075955997904,
        "f1-score": 0.6741445600143413,
        "support": 1909
      },
      "matthews_corrcoef": 0.5032521290144504
    },
    {
      "0": {
        "precision": 0.4227188081936685,
        "recall": 0.7854671280276817,
        "f1-score": 0.549636803874092,
        "support": 289
      },
      "1": {
        "precision": 0.45241581259150804,
        "recall": 0.8046875,
        "f1-score": 0.5791940018744143,
        "support": 384
      },
      "2": {
        "precision": 0.9521044992743106,
        "recall": 0.5307443365695793,
        "f1-score": 0.6815584415584416,
        "support": 1236
      },
      "accuracy": 0.6244106862231534,
      "macro avg": {
        "precision": 0.6090797066864958,
        "recall": 0.7069663215324203,
        "f1-score": 0.6034630824356494,
        "support": 1909
      },
      "weighted avg": {
        "precision": 0.7714481763782908,
        "recall": 0.6244106862231534,
        "f1-score": 0.6409962110034686,
        "support": 1909
      },
      "matthews_corrcoef": 0.4716703871601763
    }
  ],
  "mcc_scores": [
    0.5032521290144504,
    0.4716703871601763
  ]
}