{
  "fold": 1,
  "cv_results": [
    {
      "0": {
        "precision": 0.5878962536023055,
        "recall": 0.7058823529411765,
        "f1-score": 0.6415094339622641,
        "support": 289
      },
      "1": {
        "precision": 0.654627539503386,
        "recall": 0.7552083333333334,
        "f1-score": 0.7013301088270858,
        "support": 384
      },
      "2": {
        "precision": 0.8927613941018767,
        "recall": 0.808252427184466,
        "f1-score": 0.8484076433121019,
        "support": 1236
      },
      "accuracy": 0.7820848611838659,
      "macro avg": {
        "precision": 0.7117617290691894,
        "recall": 0.7564477044863253,
        "f1-score": 0.7304157287004841,
        "support": 1909
      },
      "weighted avg": {
        "precision": 0.7987072161185365,
        "recall": 0.7820848611838659,
        "f1-score": 0.7875006994963086,
        "support": 1909
      },
      "matthews_corrcoef": 0.6049046867398978
    }
  ],
  "mcc_scores": [
    0.6049046867398978
  ]
}