{
  "fold": 2,
  "cv_results": [
    {
      "0": {
        "precision": 0.5878962536023055,
        "recall": 0.7058823529411765,
        "f1-score": 0.6415094339622641,
        "support": 289
      },
      "1": {
        "precision": 0.654627539503386,
        "recall": 0.7552083333333334,
        "f1-score": 0.7013301088270858,
        "support": 384
      },
      "2": {
        "precision": 0.8927613941018767,
        "recall": 0.808252427184466,
        "f1-score": 0.8484076433121019,
        "support": 1236
      },
      "accuracy": 0.7820848611838659,
      "macro avg": {
        "precision": 0.7117617290691894,
        "recall": 0.7564477044863253,
        "f1-score": 0.7304157287004841,
        "support": 1909
      },
      "weighted avg": {
        "precision": 0.7987072161185365,
        "recall": 0.7820848611838659,
        "f1-score": 0.7875006994963086,
        "support": 1909
      },
      "matthews_corrcoef": 0.6049046867398978
    },
    {
      "0": {
        "precision": 0.48705882352941177,
        "recall": 0.7162629757785467,
        "f1-score": 0.5798319327731093,
        "support": 289
      },
      "1": {
        "precision": 0.6863753213367609,
        "recall": 0.6953125,
        "f1-score": 0.6908150064683053,
        "support": 384
      },
      "2": {
        "precision": 0.8949771689497716,
        "recall": 0.7928802588996764,
        "f1-score": 0.8408408408408409,
        "support": 1236
      },
      "accuracy": 0.7616553169198533,
      "macro avg": {
        "precision": 0.689470437938648,
        "recall": 0.7348185782260744,
        "f1-score": 0.7038292600274185,
        "support": 1909
      },
      "weighted avg": {
        "precision": 0.7912623908932603,
        "recall": 0.7616553169198533,
        "f1-score": 0.7711491201333354,
        "support": 1909
      },
      "matthews_corrcoef": 0.5761228184763273
    }
  ],
  "mcc_scores": [
    0.6049046867398978,
    0.5761228184763273
  ]
}