{
  "fold": 5,
  "cv_results": [
    {
      "0": {
        "precision": 0.5878962536023055,
        "recall": 0.7058823529411765,
        "f1-score": 0.6415094339622641,
        "support": 289
      },
      "1": {
        "precision": 0.654627539503386,
        "recall": 0.7552083333333334,
        "f1-score": 0.7013301088270858,
        "support": 384
      },
      "2": {
        "precision": 0.8927613941018767,
        "recall": 0.808252427184466,
        "f1-score": 0.8484076433121019,
        "support": 1236
      },
      "accuracy": 0.7820848611838659,
      "macro avg": {
        "precision": 0.7117617290691894,
        "recall": 0.7564477044863253,
        "f1-score": 0.7304157287004841,
        "support": 1909
      },
      "weighted avg": {
        "precision": 0.7987072161185365,
        "recall": 0.7820848611838659,
        "f1-score": 0.7875006994963086,
        "support": 1909
      },
      "matthews_corrcoef": 0.6049046867398978
    },
    {
      "0": {
        "precision": 0.48705882352941177,
        "recall": 0.7162629757785467,
        "f1-score": 0.5798319327731093,
        "support": 289
      },
      "1": {
        "precision": 0.6863753213367609,
        "recall": 0.6953125,
        "f1-score": 0.6908150064683053,
        "support": 384
      },
      "2": {
        "precision": 0.8949771689497716,
        "recall": 0.7928802588996764,
        "f1-score": 0.8408408408408409,
        "support": 1236
      },
      "accuracy": 0.7616553169198533,
      "macro avg": {
        "precision": 0.689470437938648,
        "recall": 0.7348185782260744,
        "f1-score": 0.7038292600274185,
        "support": 1909
      },
      "weighted avg": {
        "precision": 0.7912623908932603,
        "recall": 0.7616553169198533,
        "f1-score": 0.7711491201333354,
        "support": 1909
      },
      "matthews_corrcoef": 0.5761228184763273
    },
    {
      "0": {
        "precision": 0.5533707865168539,
        "recall": 0.6840277777777778,
        "f1-score": 0.6118012422360248,
        "support": 288
      },
      "1": {
        "precision": 0.6276595744680851,
        "recall": 0.7662337662337663,
        "f1-score": 0.6900584795321637,
        "support": 385
      },
      "2": {
        "precision": 0.9030470914127424,
        "recall": 0.7912621359223301,
        "f1-score": 0.8434670116429496,
        "support": 1236
      },
      "accuracy": 0.7700366684127815,
      "macro avg": {
        "precision": 0.6946924841325606,
        "recall": 0.747174559977958,
        "f1-score": 0.7151089111370461,
        "support": 1909
      },
      "weighted avg": {
        "precision": 0.7947542837471012,
        "recall": 0.7700366684127815,
        "f1-score": 0.7775780506938418,
        "support": 1909
      },
      "matthews_corrcoef": 0.5917740955281502
    },
    {
      "0": {
        "precision": 0.5432432432432432,
        "recall": 0.6979166666666666,
        "f1-score": 0.6109422492401216,
        "support": 288
      },
      "1": {
        "precision": 0.5796812749003984,
        "recall": 0.7558441558441559,
        "f1-score": 0.6561443066516347,
        "support": 385
      },
      "2": {
        "precision": 0.9005791505791506,
        "recall": 0.7554655870445344,
        "f1-score": 0.8216644649933951,
        "support": 1235
      },
      "accuracy": 0.7468553459119497,
      "macro avg": {
        "precision": 0.6745012229075974,
        "recall": 0.7364088031851189,
        "f1-score": 0.6962503402950505,
        "support": 1908
      },
      "weighted avg": {
        "precision": 0.7818902494003975,
        "recall": 0.7468553459119497,
        "f1-score": 0.7564583543547575,
        "support": 1908
      },
      "matthews_corrcoef": 0.5625387933882998
    },
    {
      "0": {
        "precision": 0.5743440233236151,
        "recall": 0.6840277777777778,
        "f1-score": 0.624405705229794,
        "support": 288
      },
      "1": {
        "precision": 0.6778711484593838,
        "recall": 0.6285714285714286,
        "f1-score": 0.6522911051212938,
        "support": 385
      },
      "2": {
        "precision": 0.8692052980132451,
        "recall": 0.8502024291497976,
        "f1-score": 0.8595988538681949,
        "support": 1235
      },
      "accuracy": 0.7803983228511531,
      "macro avg": {
        "precision": 0.7071401565987481,
        "recall": 0.7209338784996678,
        "f1-score": 0.7120985547397609,
        "support": 1908
      },
      "weighted avg": {
        "precision": 0.7860901540463424,
        "recall": 0.7803983228511531,
        "f1-score": 0.7822670351703875,
        "support": 1908
      },
      "matthews_corrcoef": 0.5826995452328777
    }
  ],
  "mcc_scores": [
    0.6049046867398978,
    0.5761228184763273,
    0.5917740955281502,
    0.5625387933882998,
    0.5826995452328777
  ]
}