{
  "bow_knn": {
    "report": {
      "0": {
        "precision": 0.7647058823529411,
        "recall": 0.1368421052631579,
        "f1-score": 0.23214285714285718,
        "support": 285
      },
      "1": {
        "precision": 0.8091603053435115,
        "recall": 0.2710997442455243,
        "f1-score": 0.4061302681992337,
        "support": 391
      },
      "2": {
        "precision": 0.7035321366531557,
        "recall": 0.9854014598540146,
        "f1-score": 0.8209459459459459,
        "support": 1233
      },
      "accuracy": 0.7124148768988999,
      "macro avg": {
        "precision": 0.7591327747832027,
        "recall": 0.4644477697875656,
        "f1-score": 0.48640635709601227,
        "support": 1909
      },
      "weighted avg": {
        "precision": 0.7342996230242232,
        "recall": 0.7124148768988999,
        "f1-score": 0.6480796231026538,
        "support": 1909
      },
      "feature_type": "bow",
      "model_name": "knn"
    },
    "confusion_matrix": [
      [
        39,
        13,
        233
      ],
      [
        6,
        106,
        279
      ],
      [
        6,
        12,
        1215
      ]
    ]
  },
  "bow_lstm": {
    "report": {
      "0": {
        "precision": 0.5749128919860628,
        "recall": 0.5789473684210527,
        "f1-score": 0.576923076923077,
        "support": 285
      },
      "1": {
        "precision": 0.6430379746835443,
        "recall": 0.649616368286445,
        "f1-score": 0.6463104325699746,
        "support": 391
      },
      "2": {
        "precision": 0.8475957620211899,
        "recall": 0.8434712084347121,
        "f1-score": 0.8455284552845529,
        "support": 1233
      },
      "accuracy": 0.7642744892613934,
      "macro avg": {
        "precision": 0.6885155428969324,
        "recall": 0.6906783150474033,
        "f1-score": 0.6895873215925348,
        "support": 1909
      },
      "weighted avg": {
        "precision": 0.7649887883129497,
        "recall": 0.7642744892613934,
        "f1-score": 0.7646239085509642,
        "support": 1909
      },
      "feature_type": "bow",
      "model_name": "lstm"
    },
    "confusion_matrix": [
      [
        165,
        32,
        88
      ],
      [
        38,
        254,
        99
      ],
      [
        84,
        109,
        1040
      ]
    ]
  },
  "bow_transformer": {
    "report": {
      "0": {
        "precision": 0.5754385964912281,
        "recall": 0.5754385964912281,
        "f1-score": 0.5754385964912281,
        "support": 285
      },
      "1": {
        "precision": 0.6614173228346457,
        "recall": 0.6445012787723785,
        "f1-score": 0.6528497409326425,
        "support": 391
      },
      "2": {
        "precision": 0.8471440064360418,
        "recall": 0.8540145985401459,
        "f1-score": 0.8505654281098546,
        "support": 1233
      },
      "accuracy": 0.7695128339444736,
      "macro avg": {
        "precision": 0.6946666419206385,
        "recall": 0.6913181579345841,
        "f1-score": 0.6929512551779085,
        "support": 1909
      },
      "weighted avg": {
        "precision": 0.7685399335589241,
        "recall": 0.7695128339444736,
        "f1-score": 0.7689949824851304,
        "support": 1909
      },
      "feature_type": "bow",
      "model_name": "transformer"
    },
    "confusion_matrix": [
      [
        164,
        34,
        87
      ],
      [
        36,
        252,
        103
      ],
      [
        85,
        95,
        1053
      ]
    ]
  },
  "word2vec_knn": {
    "report": {
      "0": {
        "precision": 0.39195979899497485,
        "recall": 0.2736842105263158,
        "f1-score": 0.3223140495867769,
        "support": 285
      },
      "1": {
        "precision": 0.5347222222222222,
        "recall": 0.3938618925831202,
        "f1-score": 0.4536082474226804,
        "support": 391
      },
      "2": {
        "precision": 0.760196905766526,
        "recall": 0.8767234387672344,
        "f1-score": 0.8143126177024481,
        "support": 1233
      },
      "accuracy": 0.6877946568884232,
      "macro avg": {
        "precision": 0.562292975661241,
        "recall": 0.5147565139588902,
        "f1-score": 0.5300783049039685,
        "support": 1909
      },
      "weighted avg": {
        "precision": 0.659040186701196,
        "recall": 0.6877946568884232,
        "f1-score": 0.6669815539557978,
        "support": 1909
      },
      "feature_type": "word2vec",
      "model_name": "knn"
    },
    "confusion_matrix": [
      [
        78,
        49,
        158
      ],
      [
        54,
        154,
        183
      ],
      [
        67,
        85,
        1081
      ]
    ]
  },
  "word2vec_lstm": {
    "report": {
      "0": {
        "precision": 0.34782608695652173,
        "recall": 0.028070175438596492,
        "f1-score": 0.05194805194805196,
        "support": 285
      },
      "1": {
        "precision": 0.4730077120822622,
        "recall": 0.47058823529411764,
        "f1-score": 0.4717948717948718,
        "support": 391
      },
      "2": {
        "precision": 0.749498997995992,
        "recall": 0.9099756690997567,
        "f1-score": 0.8219780219780219,
        "support": 1233
      },
      "accuracy": 0.6883184913567313,
      "macro avg": {
        "precision": 0.5234442656782586,
        "recall": 0.46954469327749027,
        "f1-score": 0.4485736485736485,
        "support": 1909
      },
      "weighted avg": {
        "precision": 0.6329013696887539,
        "recall": 0.6883184913567313,
        "f1-score": 0.6352938139213676,
        "support": 1909
      },
      "feature_type": "word2vec",
      "model_name": "lstm"
    },
    "confusion_matrix": [
      [
        8,
        103,
        174
      ],
      [
        6,
        184,
        201
      ],
      [
        9,
        102,
        1122
      ]
    ]
  },
  "word2vec_transformer": {
    "report": {
      "0": {
        "precision": 0.3898305084745763,
        "recall": 0.08070175438596491,
        "f1-score": 0.13372093023255813,
        "support": 285
      },
      "1": {
        "precision": 0.47959183673469385,
        "recall": 0.48081841432225064,
        "f1-score": 0.48020434227330777,
        "support": 391
      },
      "2": {
        "precision": 0.7654320987654321,
        "recall": 0.9051094890510949,
        "f1-score": 0.8294314381270902,
        "support": 1233
      },
      "accuracy": 0.6951283394447355,
      "macro avg": {
        "precision": 0.5449514813249007,
        "recall": 0.48887655258643675,
        "f1-score": 0.4811189035443187,
        "support": 1909
      },
      "weighted avg": {
        "precision": 0.6508118810142993,
        "recall": 0.6951283394447355,
        "f1-score": 0.65403841076786,
        "support": 1909
      },
      "feature_type": "word2vec",
      "model_name": "transformer"
    },
    "confusion_matrix": [
      [
        23,
        101,
        161
      ],
      [
        22,
        188,
        181
      ],
      [
        14,
        103,
        1116
      ]
    ]
  },
  "transformer_knn": {
    "report": {
      "0": {
        "precision": 0.4472573839662447,
        "recall": 0.3719298245614035,
        "f1-score": 0.4061302681992337,
        "support": 285
      },
      "1": {
        "precision": 0.5123287671232877,
        "recall": 0.4782608695652174,
        "f1-score": 0.4947089947089947,
        "support": 391
      },
      "2": {
        "precision": 0.7781178270849273,
        "recall": 0.8248175182481752,
        "f1-score": 0.8007874015748031,
        "support": 1233
      },
      "accuracy": 0.6862231534834992,
      "macro avg": {
        "precision": 0.5792346593914866,
        "recall": 0.5583360707915986,
        "f1-score": 0.5672088881610106,
        "support": 1909
      },
      "weighted avg": {
        "precision": 0.6742840142332638,
        "recall": 0.6862231534834992,
        "f1-score": 0.6791771657987065,