{
  "type": "word2vec",
  "vector_size": 100,
  "window": 5,
  "min_count": 5,
  "sg": 1,
  "vocabulary_size": 2604,
  "similar_words": {
    "bullish": [
      [
        "never",
        0.9944487810134888
      ],
      [
        "hedge",
        0.9784058928489685
      ],
      [
        "fund",
        0.955859363079071
      ],
      [
        "mutual",
        0.9514721035957336
      ],
      [
        "dumping",
        0.9333415627479553
      ]
    ],
    "bearish": [
      [
        "researcher",
        0.9980359077453613
      ],
      [
        "block",
        0.9979895353317261
      ],
      [
        "slow",
        0.9978377819061279
      ],
      [
        "tension",
        0.9978303909301758
      ],
      [
        "struggling",
        0.9978244304656982
      ]
    ],
    "buy": [
      [
        "started",
        0.9590120315551758
      ],
      [
        "cad",
        0.9532809257507324
      ],
      [
        "robinson",
        0.9494417905807495
      ],
      [
        "benchmark",
        0.9478315711021423
      ],
      [
        "b",
        0.9475849270820618
      ]
    ],
    "sell": [
      [
        "cash",
        0.9920940399169922
      ],
      [
        "stubhub",
        0.9907680153846741
      ],
      [
        "viagogo",
        0.9898896217346191
      ],
      [
        "ebay",
        0.9883607625961304
      ],
      [
        "tiffany",
        0.9880752563476562
      ]
    ],
    "market": [
      [
        "update",
        0.9643846750259399
      ],
      [
        "stockmarket",
        0.962573766708374
      ],
      [
        "trading",
        0.9554989337921143
      ],
      [
        "investing",
        0.9505538940429688
      ],
      [
        "finance",
        0.9447699785232544
      ]
    ]
  }
}